batch,kernel_time,flops,utils
1,80.84,2.91,0.00933
2,79.23,5.93,0.01901
4,79.97,11.75,0.03766
6,80.86,17.43,0.05587
8,80.43,23.36,0.07487
10,81.46,28.83,0.0924
12,80.65,34.95,0.11202
14,81.2,40.5,0.12981
16,82.01,45.82,0.14686
20,84.54,55.57,0.17811
24,85.69,65.79,0.21087
28,85.22,77.17,0.24734
32,85.76,87.64,0.2809
36,89.66,94.31,0.30228
40,89.44,105.05,0.3367
44,89.63,115.3,0.36955
48,90.25,124.92,0.40038
52,97.81,124.87,0.40022
56,97.84,134.44,0.4309
60,97.86,144.01,0.46157
64,98.2,153.08,0.49064
68,180.45,88.51,0.28369
72,180.38,93.75,0.30048
76,180.19,99.07,0.31753
80,181.06,103.78,0.33263
84,184.16,107.14,0.3434
88,184.73,111.89,0.35862
92,185.08,116.76,0.37423
96,185.05,121.85,0.39054
100,188.94,124.32,0.39846
104,189.96,128.59,0.41215
108,190.03,133.49,0.42785
112,190.75,137.91,0.44202
116,197.05,138.27,0.44317
120,197.14,142.97,0.45824
124,197.96,147.13,0.47157
128,179.1,167.87,0.53804
132,258.64,119.87,0.3842
136,258.93,123.37,0.39542
140,258.94,126.99,0.40702
144,259.14,130.52,0.41833
148,263.78,131.79,0.4224
152,263.35,135.57,0.43452
156,262.74,139.46,0.44699
160,263.54,142.6,0.45705
164,267.44,144.03,0.46163
168,267.69,147.41,0.47247
172,268.44,150.5,0.48237
176,268.62,153.89,0.49324
180,277.79,152.2,0.48782
184,278.25,155.32,0.49782
188,277.96,158.86,0.50917
192,267.92,168.32,0.53949
196,348.8,131.99,0.42304
200,348.38,134.84,0.43218
204,348.21,137.61,0.44106
208,348.3,140.27,0.44958
212,352.84,141.13,0.45234
216,352.75,143.83,0.46099
220,352.45,146.61,0.4699
224,353.71,148.75,0.47676
228,357.34,149.87,0.48035
232,356.76,152.74,0.48955
236,357.05,155.25,0.4976
240,358.99,157.03,0.5033
244,365.71,156.71,0.50228
248,365.72,159.28,0.51051
252,366.52,161.49,0.5176
256,342.72,175.45,0.56234
260,422.61,144.5,0.46314
264,423.35,146.47,0.46946
268,422.03,149.16,0.47808
272,423.41,150.89,0.48362
276,426.64,151.95,0.48702
280,426.36,154.25,0.49439
284,426.88,156.26,0.50083
288,428.39,157.91,0.50612
292,431.38,158.99,0.50958
296,431.53,161.11,0.51638
300,432.84,162.8,0.52179
304,432.41,165.13,0.52926
308,440.26,164.32,0.52667
312,440.17,166.49,0.53362
316,440.98,168.31,0.53946
320,441.41,170.28,0.54577
324,523.12,145.48,0.46628
328,522.24,147.52,0.47282
332,523.27,149.03,0.47766
336,522.87,150.94,0.48378
340,526.67,151.63,0.48599
344,527.48,153.18,0.49096
348,526.31,155.31,0.49779
352,528.9,156.32,0.50103
356,532.14,157.13,0.50362
360,531.38,159.13,0.51003
364,530.94,161.03,0.51612
368,531.97,162.48,0.52077
372,539.91,161.83,0.51869
376,539.49,163.7,0.52468
380,541.97,164.69,0.52785
384,507.75,177.64,0.56936
388,588.34,154.9,0.49647
392,588.98,156.33,0.50106
396,588.88,157.95,0.50625
400,588.15,159.74,0.51199
404,592.21,160.23,0.51356
408,592.33,161.79,0.51856
412,592.04,163.45,0.52388
416,592.65,164.87,0.52843
420,597.35,165.15,0.52933
424,597.6,166.65,0.53413
428,597.34,168.29,0.53939
432,596.7,170.05,0.54503
436,605.28,169.19,0.54228
440,605.89,170.57,0.5467
444,607.39,171.7,0.55032
448,615.05,171.09,0.54837
452,697.32,152.25,0.48798
456,697.72,153.51,0.49202
460,696.79,155.06,0.49699
464,698.47,156.03,0.5001
468,700.7,156.88,0.50282
472,700.58,158.25,0.50721
476,701.43,159.39,0.51087
480,702.53,160.48,0.51436
484,707.1,160.77,0.51529
488,705.09,162.56,0.52103
492,706.42,163.59,0.52433
496,706.54,164.89,0.52849
500,713.5,164.6,0.52756
504,715.12,165.54,0.53058
508,716.3,166.58,0.53391
512,648.49,185.44,0.59436
516,730.28,165.96,0.53192
520,731.86,166.89,0.5349
524,731.96,168.15,0.53894
528,732.27,169.36,0.54282
532,735.7,169.85,0.54439
536,733.86,171.55,0.54984
540,735.51,172.45,0.55272
544,736.46,173.5,0.55609
548,738.57,174.28,0.55859
552,740.76,175.03,0.56099
556,741.56,176.11,0.56446
560,740.69,177.58,0.56917
564,746.86,177.37,0.56849
568,747.93,178.38,0.57173
572,747.41,179.76,0.57615
576,726.89,186.12,0.59654
580,810.16,168.15,0.53894
584,810.23,169.3,0.54263
588,810.62,170.38,0.54609
592,810.3,171.6,0.55
596,814.35,171.9,0.55096
600,815.65,172.78,0.55378
604,815.0,174.07,0.55792
608,814.31,175.37,0.56208
612,818.56,175.61,0.56285
616,819.3,176.6,0.56603
620,819.74,177.65,0.56939
624,818.85,178.99,0.57369
628,827.12,178.34,0.5716
632,827.64,179.36,0.57487
636,826.99,180.64,0.57897
640,860.72,174.65,0.55978
644,941.05,160.74,0.51519
648,939.95,161.93,0.51901
652,944.6,162.12,0.51962
656,947.54,162.61,0.52119
660,948.82,163.38,0.52365
664,949.29,164.29,0.52657
668,950.58,165.06,0.52904
672,952.5,165.71,0.53112
676,953.86,166.46,0.53353
680,955.0,167.25,0.53606
684,956.07,168.04,0.53859
688,953.91,169.41,0.54298
692,962.17,168.93,0.54144
696,964.07,169.57,0.54349
700,964.32,170.5,0.54647
704,978.64,168.97,0.54157
708,1061.73,156.63,0.50202
712,1061.24,157.58,0.50506
716,1062.09,158.34,0.5075
720,1061.26,159.35,0.51074
724,1066.25,159.49,0.51119
728,1065.63,160.46,0.51429
732,1066.2,161.26,0.51686
736,1064.9,162.34,0.52032
740,1073.26,161.95,0.51907
744,1071.76,163.05,0.5226
748,1075.5,163.36,0.52359
752,1074.59,164.37,0.52683
756,1088.37,163.15,0.52292
760,1090.3,163.73,0.52478
764,1089.57,164.7,0.52788
768,1023.31,176.28,0.565
772,1088.54,166.58,0.53391
776,1083.88,168.16,0.53897
780,1063.81,172.22,0.55199
784,1062.68,173.29,0.55542
788,1049.87,176.29,0.56503
792,1049.43,177.26,0.56814
796,1046.41,178.67,0.57266
800,1046.36,179.58,0.57558
804,1049.36,179.96,0.57679
808,1049.84,180.77,0.57939
812,1056.68,180.49,0.57849
816,1057.11,181.31,0.58112
820,1066.67,180.56,0.57872
824,1065.51,181.64,0.58218
828,1059.43,183.57,0.58837
832,1162.57,168.09,0.53875
836,1246.48,157.53,0.5049
840,1245.49,158.41,0.50772
844,1249.53,158.65,0.50849
848,1250.72,159.25,0.51042
852,1255.61,159.38,0.51083
856,1254.52,160.27,0.51369
860,1255.07,160.95,0.51587
864,1256.86,161.46,0.5175
868,1261.04,161.67,0.51817
872,1258.52,162.74,0.5216
876,1257.4,163.64,0.52449
880,1257.95,164.31,0.52663
884,1264.51,164.2,0.52628
888,1264.28,164.97,0.52875
892,1265.65,165.54,0.53058
896,1284.56,163.83,0.5251
900,1370.06,154.29,0.49452
904,1363.54,155.72,0.4991
908,1378.18,154.75,0.49599
912,1376.07,155.67,0.49894
916,1368.88,157.17,0.50375
920,1370.73,157.65,0.50529
924,1374.45,157.9,0.50609
928,1377.11,158.28,0.50731
932,1379.27,158.71,0.50869
936,1380.25,159.28,0.51051
940,1380.19,159.97,0.51272
944,1380.68,160.59,0.51471
948,1387.13,160.52,0.51449
952,1387.28,161.18,0.5166
956,1388.96,161.67,0.51817
960,1328.29,169.76,0.5441
964,1405.46,161.1,0.51635
968,1403.54,161.99,0.5192
972,1405.12,162.48,0.52077
976,1441.25,159.06,0.50981
980,1447.68,159.0,0.50962
984,1432.38,161.36,0.51718
988,1419.17,163.52,0.5241
992,1417.24,164.41,0.52696
996,1419.53,164.8,0.52821
1000,1417.02,165.76,0.53128
1004,1414.13,166.76,0.53449
1008,1438.65,164.57,0.52747
1012,1451.15,163.8,0.525
1016,1441.67,165.53,0.53054
1020,1436.43,166.79,0.53458
1024,1342.23,179.19,0.57433
1028,1425.43,169.39,0.54292
1032,1424.81,170.13,0.54529
1036,1425.32,170.72,0.54718
1040,1404.44,173.93,0.55747
1044,1389.09,176.53,0.5658
1048,1398.09,176.07,0.56433
1052,1399.86,176.51,0.56574
1056,1400.11,177.15,0.56779
1060,1401.26,177.68,0.56949
1064,1391.42,179.61,0.57567
1068,1389.39,180.55,0.57869
1072,1390.58,181.07,0.58035
1076,1427.26,177.07,0.56753
1080,1406.39,180.37,0.57811
1084,1400.98,181.74,0.5825
1088,1412.89,180.87,0.57971
1092,1495.53,171.5,0.54968
1096,1483.7,173.51,0.55612
1100,1481.77,174.37,0.55888
1104,1481.28,175.06,0.56109
1108,1489.81,174.69,0.5599
1112,1486.68,175.69,0.56311
1116,1484.25,176.61,0.56606
1120,1499.55,175.43,0.56228
1124,1495.47,176.54,0.56583
1128,1492.34,177.54,0.56904
1132,1503.87,176.8,0.56667
1136,1499.26,177.97,0.57042
1140,1496.72,178.9,0.5734
1144,1528.97,175.74,0.56327
1148,1525.5,176.76,0.56654
1152,1484.8,182.24,0.5841
1156,1566.9,173.29,0.55542
1160,1567.26,173.85,0.55721
1164,1561.41,175.1,0.56122
1168,1577.54,173.9,0.55737
1172,1579.63,174.27,0.55856
1176,1569.08,176.04,0.56423
1180,1571.78,176.33,0.56516
1184,1571.34,176.98,0.56724
1188,1573.3,177.36,0.56846
1192,1588.43,176.26,0.56494
1196,1581.86,177.59,0.5692
1200,1574.61,179.0,0.57372
1204,1631.54,173.33,0.55554
1208,1613.12,175.89,0.56375
1212,1585.36,179.57,0.57554
1216,1616.94,176.64,0.56615
1220,1665.12,172.09,0.55157
1224,1650.97,174.14,0.55814
1228,1648.4,174.98,0.56083
1232,1649.72,175.41,0.56221
1236,1649.96,175.95,0.56394
1240,1648.52,176.68,0.56628
1244,1650.23,177.06,0.5675
1248,1704.07,172.02,0.55135
1252,1681.73,174.86,0.56045
1256,1664.11,177.28,0.56821
1260,1665.64,177.68,0.56949
1264,1676.19,177.12,0.56769
1268,1678.78,177.41,0.56862
1272,1671.36,178.76,0.57295
1276,1717.99,174.45,0.55913
1280,1671.9,179.82,0.57635
1284,1733.35,173.99,0.55766
1288,1777.91,170.16,0.54538
1292,1755.57,172.86,0.55404
1296,1742.62,174.68,0.55987
1300,1737.2,175.77,0.56337
1304,1764.44,173.59,0.55638
1308,1743.95,176.17,0.56465
1312,1738.36,177.27,0.56817
1316,1741.84,177.46,0.56878
1320,1741.29,178.05,0.57067
1324,1744.51,178.26,0.57135
1328,1745.48,178.7,0.57276
1332,1768.97,176.86,0.56686
1336,1753.33,178.97,0.57362
1340,1750.63,179.79,0.57625
1344,1754.37,179.94,0.57673
1348,1835.01,172.54,0.55301
1352,1836.67,172.9,0.55417
1356,1843.59,172.76,0.55372
1360,1927.24,165.75,0.53125
1364,1890.85,169.44,0.54308
1368,1846.17,174.05,0.55785
1372,1862.57,173.02,0.55455
1376,1879.98,171.91,0.55099
1380,1855.45,174.69,0.5599
1384,1843.48,176.34,0.56519
1388,1867.47,174.58,0.55955
1392,1936.66,168.82,0.54109
1396,1914.43,171.27,0.54894
1400,1875.93,175.29,0.56183
1404,1913.23,172.36,0.55244
1408,1883.43,175.59,0.56279
1412,1926.59,172.14,0.55173
1416,1904.03,174.68,0.55987
1420,1907.5,174.85,0.56042
1424,1987.54,168.28,0.53936
1428,1951.8,171.85,0.5508
1432,1917.61,175.4,0.56218
1436,1919.44,175.72,0.56321
1440,2015.27,167.83,0.53792
1444,1968.84,172.27,0.55215
1448,1931.22,176.11,0.56446
1452,1912.13,178.36,0.57167
1456,1936.42,176.61,0.56606
1460,1966.6,174.38,0.55891
1464,1953.06,176.07,0.56433
1468,1934.98,178.2,0.57115
1472,1985.11,174.17,0.55824
1476,2096.92,165.33,0.5299
1480,2060.34,168.72,0.54077
1484,2013.05,173.15,0.55497
1488,2001.79,174.6,0.55962
1492,2069.75,169.32,0.54269
1496,2068.32,169.89,0.54452
1500,2047.31,172.09,0.55157
1504,2021.24,174.77,0.56016
1508,2074.27,170.76,0.54731
1512,2134.46,166.38,0.53327
1516,2084.52,170.82,0.5475
1520,2038.28,175.16,0.56141
1524,2026.09,176.67,0.56625
1528,2036.21,176.26,0.56494
1532,2122.67,169.52,0.54333
1536,2052.95,175.74,0.56327
1540,2120.3,170.6,0.54679
1544,2103.85,172.38,0.5525
1548,2127.32,170.92,0.54782
1552,2151.17,169.46,0.54314
1556,2108.91,173.3,0.55545
1560,2084.49,175.78,0.5634
1564,2066.62,177.76,0.56974
1568,2060.02,178.78,0.57301
1572,2056.71,179.53,0.57542
1576,2112.23,175.25,0.5617
1580,2159.21,171.87,0.55087
1584,2113.19,176.06,0.56429
1588,2091.49,178.34,0.5716
1592,2071.52,180.51,0.57856
1596,2058.99,182.07,0.58356
1600,2131.18,176.34,0.56519
1604,2193.4,171.76,0.55051
1608,2156.85,175.11,0.56125
1612,2131.76,177.61,0.56926
1616,2143.42,177.09,0.5676
1620,2217.9,171.56,0.54987
1624,2217.76,172.0,0.55128
1628,2169.02,176.29,0.56503
1632,2141.18,179.03,0.57381
1636,2130.27,180.38,0.57814
1640,2134.22,180.49,0.57849
1644,2194.71,175.94,0.56391
1648,2133.06,181.47,0.58163
1652,2184.01,177.67,0.56946
1656,2286.93,170.08,0.54513
1660,2261.45,172.41,0.5526
1664,2198.27,177.8,0.56987
1668,2265.97,172.9,0.55417
1672,2252.45,174.35,0.55881
1676,2244.18,175.41,0.56221
1680,2245.43,175.73,0.56324
1684,2258.06,175.17,0.56144
1688,2278.23,174.03,0.55779
1692,2341.89,169.7,0.54391
1696,2446.76,162.81,0.52183
1700,2450.97,162.91,0.52215
1704,2421.64,165.28,0.52974
1708,2394.14,167.57,0.53708
1712,2346.03,171.4,0.54936
1716,2312.16,174.32,0.55872
1720,2305.92,175.2,0.56154
1724,2358.97,171.66,0.55019
1728,2419.34,167.76,0.53769
1732,2562.17,158.78,0.50891
1736,2508.62,162.54,0.52096
1740,2471.55,165.36,0.53
1744,2438.43,167.99,0.53843
1748,2414.26,170.06,0.54506
1752,2405.16,171.1,0.5484
1756,2415.97,170.72,0.54718
1760,2472.7,167.18,0.53583
1764,2514.3,164.79,0.52817
1768,2603.06,159.53,0.51131
1772,2572.27,161.81,0.51862
1776,2544.14,163.96,0.52551
1780,2527.91,165.39,0.5301
1784,2490.68,168.24,0.53923
1788,2416.74,173.77,0.55696
1792,2307.6,182.4,0.58462
1796,2385.5,176.84,0.56679
1800,2386.91,177.13,0.56772
1804,2410.99,175.75,0.5633
1808,2464.58,172.31,0.55228
1812,2467.76,172.47,0.55279
1816,2468.42,172.8,0.55385
1820,2496.09,171.26,0.54891
1824,2473.36,173.21,0.55516
1828,2422.63,177.23,0.56804
1832,2386.14,180.33,0.57798
1836,2384.51,180.85,0.57965
1840,2418.73,178.68,0.57269
1844,2513.86,172.29,0.55221
1848,2514.52,172.62,0.55327
1852,2512.92,173.11,0.55484
1856,2561.42,170.19,0.54548
1860,2647.35,165.02,0.52891
1864,2636.63,166.05,0.53221
1868,2609.92,168.11,0.53881
1872,2588.1,169.89,0.54452
1876,2602.18,169.33,0.54272
1880,2649.5,166.66,0.53417
1884,2630.64,168.22,0.53917
1888,2616.77,169.47,0.54317
1892,2658.59,167.15,0.53574
1896,2700.24,164.92,0.52859
1900,2758.12,161.8,0.51859
1904,2820.36,158.57,0.50824
1908,2834.39,158.11,0.50676
1912,2834.64,158.43,0.50779
1916,2834.5,158.77,0.50888
1920,2820.67,159.88,0.51244
1924,2875.86,157.14,0.50365
1928,2908.12,155.72,0.4991
1932,2957.78,153.42,0.49173
1936,3040.65,149.55,0.47933
1940,2931.81,155.42,0.49814
1944,2902.69,157.31,0.5042
1948,2903.74,157.57,0.50503
1952,2880.33,159.18,0.51019
1956,2875.71,159.76,0.51205
1960,2826.6,162.87,0.52202
1964,2826.85,163.19,0.52304
1968,2854.32,161.95,0.51907
1972,2899.11,159.77,0.51208
1976,2964.09,156.58,0.50186
1980,2959.23,157.16,0.50372
1984,2931.51,158.96,0.50949
1988,2978.59,156.77,0.50247
1992,3016.63,155.1,0.49712
1996,2969.76,157.87,0.50599
2000,2918.16,160.98,0.51596
2004,2919.77,161.21,0.5167
2008,2892.04,163.08,0.52269
2012,2920.07,161.84,0.51872
2016,2888.86,163.91,0.52535
2020,2886.33,164.38,0.52686
2024,2864.68,165.95,0.53189
2028,2855.42,166.82,0.53468
2032,2817.53,169.4,0.54295
2036,2804.5,170.52,0.54654
2040,2818.46,170.01,0.5449
2044,2858.27,167.97,0.53837
2048,2820.72,170.54,0.5466
2052,2736.35,176.14,0.56455
2056,2705.25,178.51,0.57215
2060,2670.78,181.17,0.58067
2064,2674.06,181.3,0.58109
2068,2688.14,180.7,0.57917
2072,2684.15,181.31,0.58112
2076,2677.45,182.12,0.58372
2080,2669.87,182.99,0.58651
2084,2676.42,182.89,0.58619
2088,2689.77,182.33,0.58439
2092,2676.73,183.57,0.58837
2096,2676.57,183.93,0.58952
2100,2695.64,182.98,0.58647
2104,2690.72,183.66,0.58865
2108,2689.61,184.09,0.59003
2112,2679.59,185.13,0.59337
2116,2762.27,179.93,0.5767
2120,2763.79,180.17,0.57747
2124,2770.99,180.04,0.57705
2128,2785.67,179.43,0.5751
2132,2787.47,179.65,0.5758
2136,2789.16,179.88,0.57654
2140,2789.84,180.17,0.57747
2144,2784.04,180.88,0.57974
2148,2791.73,180.72,0.57923
2152,2792.73,180.99,0.5801
2156,2791.67,181.4,0.58141
2160,2791.2,181.77,0.5826
2164,2799.78,181.54,0.58186
2168,2798.67,181.95,0.58317
2172,2814.26,181.28,0.58103
2176,2807.08,182.08,0.58359
2180,2889.4,177.21,0.56798
2184,2891.78,177.39,0.56856
2188,2914.68,176.32,0.56513
2192,2918.32,176.42,0.56545
2196,2986.37,172.72,0.55359
2200,3096.7,166.87,0.53484
2204,3093.68,167.33,0.53631
2208,3092.16,167.72,0.53756
2212,3091.68,168.05,0.53862
2216,3052.77,170.5,0.54647
2220,3019.41,172.69,0.55349
2224,2992.37,174.57,0.55952
2228,2970.63,176.16,0.56462
2232,2905.25,180.45,0.57837
2236,2881.7,182.25,0.58413
2240,2875.57,182.97,0.58644
2244,2954.98,178.37,0.5717
2248,2960.87,178.33,0.57157
2252,2970.52,178.07,0.57074
2256,3003.55,176.42,0.56545
2260,3010.65,176.32,0.56513
2264,3010.9,176.62,0.56609
2268,3010.88,176.93,0.56708
2272,3009.91,177.3,0.56827
2276,3253.74,164.3,0.5266
2280,3210.69,166.8,0.53462
2284,3168.37,169.32,0.54269
2288,3113.27,172.62,0.55327
2292,3022.25,178.13,0.57093
2296,2974.6,181.3,0.58109
2300,2986.82,180.87,0.57971
2304,3103.83,174.35,0.55881
2308,3300.46,164.25,0.52644
2312,3296.73,164.72,0.52795
2316,3234.3,168.19,0.53907
2320,3129.39,174.13,0.55811
2324,3054.39,178.71,0.57279
2328,3038.37,179.97,0.57683
2332,3171.68,172.7,0.55353
2336,3306.52,165.94,0.53186
2340,3347.22,164.2,0.52628
2344,3300.83,166.79,0.53458
2348,3261.55,169.09,0.54196
2352,3198.2,172.73,0.55362
2356,3093.33,178.89,0.57337
2360,3056.09,181.38,0.58135
2364,3249.46,170.88,0.54769
2368,3346.1,166.22,0.53276
2372,3429.61,162.45,0.52067
2376,3406.6,163.82,0.52506
2380,3319.41,168.41,0.53978
2384,3223.98,173.68,0.55667
2388,3152.72,177.91,0.57022
2392,3250.66,172.84,0.55397
2396,3356.88,167.65,0.53734
2400,3255.42,173.16,0.555
2404,3182.64,177.42,0.56865
2408,3153.14,179.37,0.5749
2412,3184.98,177.88,0.57013
2416,3361.4,168.82,0.54109
2420,3493.01,162.73,0.52157
2424,3406.01,167.16,0.53577
2428,3209.03,177.71,0.56958
2432,3145.33,181.61,0.58208
2436,3375.79,169.49,0.54324
2440,3559.71,161.0,0.51603
2444,3543.85,161.98,0.51917
2448,3443.44,166.98,0.53519
2452,3313.7,173.8,0.55705
2456,3180.18,181.39,0.58138
2460,3206.3,180.21,0.5776
2464,3402.84,170.08,0.54513
2468,3477.61,166.69,0.53426
2472,3432.31,169.16,0.54218
2476,3315.36,175.42,0.56224
2480,3238.59,179.86,0.57647
2484,3338.18,174.78,0.56019
2488,3539.1,165.12,0.52923
2492,3485.79,167.92,0.53821
2496,3405.05,172.17,0.55183
2500,3392.37,173.1,0.55481
2504,3358.04,175.14,0.56135
2508,3475.75,169.48,0.54321
2512,3651.61,161.58,0.51788
2516,3629.08,162.84,0.52192
2520,3458.95,171.12,0.54846
2524,3343.78,177.3,0.56827
2528,3481.97,170.53,0.54657
2532,3664.4,162.3,0.52019
2536,3650.68,163.16,0.52295
2540,3582.75,166.52,0.53372
2544,3449.46,173.23,0.55522
2548,3408.48,175.58,0.56276
2552,3675.24,163.1,0.52276
2556,3621.91,165.76,0.53128
2560,3528.37,170.42,0.54622
2564,3483.17,172.9,0.55417
2568,3411.52,176.81,0.5667
2572,3563.34,169.54,0.5434
2576,3686.07,164.15,0.52612
2580,3507.55,172.77,0.55375
2584,3354.63,180.92,0.57987
2588,3652.76,166.41,0.53337
2592,3641.0,167.21,0.53593
2596,3570.89,170.76,0.54731
2600,3414.69,178.84,0.57321
2604,3411.76,179.27,0.57458
2608,3701.62,165.49,0.53042
2612,3640.25,168.53,0.54016
2616,3445.88,178.31,0.57151
2620,3388.64,181.6,0.58205
2624,3656.7,168.55,0.54022
2628,3738.51,165.11,0.5292
2632,3702.31,166.98,0.53519
2636,3573.55,173.26,0.55532
2640,3470.76,178.66,0.57263
2644,3613.79,171.85,0.5508
2648,3730.32,166.73,0.53439
2652,3655.44,170.4,0.54615
2656,3531.68,176.64,0.56615
2660,3497.29,178.65,0.5726
2664,3794.87,164.89,0.52849
2668,3780.26,165.77,0.53131
2672,3708.68,169.23,0.5424
2676,3537.23,177.69,0.56952
2680,3674.19,171.33,0.54913
2684,3761.69,167.59,0.53715
2688,3730.81,169.23,0.5424
2692,3738.28,169.14,0.54212
2696,3649.69,173.5,0.55609
2700,4016.86,157.88,0.50603
2704,3914.98,162.23,0.51997
2708,3680.22,172.83,0.55394
2712,3927.97,162.17,0.51978
2716,3913.67,163.0,0.52244
2720,3806.33,167.85,0.53798
2724,3696.66,173.08,0.55474
2728,3984.63,160.81,0.51542
2732,3965.88,161.8,0.51859
2736,3803.31,168.97,0.54157
2740,3729.61,172.56,0.55308
2744,3937.1,163.7,0.52468
2748,3850.71,167.62,0.53724
2752,3718.01,173.85,0.55721
2756,4065.65,159.22,0.51032
2760,4081.49,158.83,0.50907
2764,3904.92,166.25,0.53285
2768,3848.63,168.93,0.54144
2772,4018.08,162.04,0.51936
2776,3830.4,170.22,0.54558
2780,3928.84,166.2,0.53269
2784,4057.17,161.17,0.51657
2788,3956.0,165.53,0.53054
2792,3869.64,169.47,0.54317
2796,4122.31,159.31,0.51061
2800,4003.38,164.28,0.52654
2804,3845.64,171.26,0.54891
2808,4042.48,163.15,0.52292
2812,3999.87,165.13,0.52926
2816,3772.88,175.31,0.56189
2820,4000.31,165.58,0.53071
2824,3626.84,182.89,0.58619
2828,3825.94,173.62,0.55647
2832,3842.44,173.11,0.55484
2836,3690.43,180.5,0.57853
2840,4005.35,166.54,0.53378
2844,3985.42,167.61,0.53721
2848,3828.14,174.74,0.56006
2852,3827.34,175.03,0.56099
2856,4011.82,167.21,0.53593
2860,3960.12,169.63,0.54369
2864,3800.43,177.01,0.56734
2868,4049.25,166.36,0.53321
2872,3962.12,170.26,0.54571
2876,3802.23,177.66,0.56942
2880,4112.5,164.49,0.52721
2884,4238.38,159.82,0.51224
2888,4089.91,165.86,0.5316
2892,4344.92,156.34,0.50109
2896,4263.1,159.56,0.51141
2900,4066.14,167.52,0.53692
2904,4277.21,159.47,0.51112
2908,4153.05,164.47,0.52715
2912,4107.22,166.53,0.53375
2916,4294.97,159.47,0.51112
2920,4176.11,164.23,0.52638
2924,4257.07,161.33,0.51708
2928,4200.66,163.72,0.52474
2932,4053.24,169.91,0.54458
2936,4147.83,166.26,0.53288
2940,4055.29,170.28,0.54577
2944,4355.64,158.76,0.50885
2948,4348.5,159.23,0.51035
2952,4242.26,163.44,0.52385
2956,4187.51,165.8,0.53141
2960,4138.25,168.01,0.53849
2964,4349.99,160.04,0.51295
2968,4179.62,166.79,0.53458
2972,4494.39,155.32,0.49782
2976,4358.49,160.38,0.51404
2980,4227.34,165.58,0.53071
2984,4440.63,157.83,0.50587
2988,4285.83,163.75,0.52484
2992,4353.41,161.43,0.5174
2996,4190.36,167.93,0.53824
3000,4464.23,157.84,0.5059
3004,4357.28,161.93,0.51901
3008,4235.33,166.82,0.53468
3012,4506.06,157.0,0.50321
3016,4338.63,163.28,0.52333
3020,4525.76,156.73,0.50234
3024,4255.35,166.91,0.53497
3028,4505.35,157.86,0.50596
3032,4184.62,170.18,0.54545
3036,4522.86,157.67,0.50535
3040,4414.45,161.75,0.51843
3044,4385.03,163.05,0.5226
3048,4487.3,159.54,0.51135
3052,4245.17,168.86,0.54122
3056,4583.86,156.59,0.50189
3060,4292.15,167.45,0.5367
3064,4600.56,156.43,0.50138
3068,4455.51,161.74,0.5184
3072,4357.3,165.6,0.53077
3076,4441.32,162.68,0.52141
3080,4442.74,162.83,0.52189
3084,4335.93,167.06,0.53545
3088,4239.4,171.09,0.54837
3092,4169.65,174.18,0.55827
3096,4278.64,169.96,0.54474
3100,4191.93,173.7,0.55673
3104,4544.04,160.45,0.51426
3108,4415.73,165.32,0.52987
3112,4301.24,169.94,0.54468
3116,4428.42,165.27,0.52971
3120,4129.7,177.45,0.56875
3124,4479.74,163.8,0.525
3128,4447.54,165.19,0.52946
3132,4223.69,174.17,0.55824
3136,4406.49,167.16,0.53577
3140,4264.36,172.95,0.55433
3144,4536.75,162.77,0.5217
3148,4268.65,173.22,0.55519
3152,4545.68,162.87,0.52202
3156,4257.86,174.1,0.55801
3160,4596.45,161.48,0.51756
3164,4358.27,170.52,0.54654
3168,4605.36,161.57,0.51785
3172,4370.07,170.49,0.54644
3176,4610.21,161.81,0.51862
3180,4317.76,172.99,0.55446
3184,4429.86,168.82,0.54109
3188,4376.24,171.11,0.54843
3192,4385.39,170.96,0.54795
3196,4432.2,169.37,0.54285
3200,4312.4,174.29,0.55862
3204,4549.7,165.41,0.53016
3208,4338.47,173.68,0.55667
3212,4468.11,168.85,0.54119
3216,4324.13,174.69,0.5599
3220,4623.0,163.6,0.52436
3224,4405.81,171.88,0.5509
3228,4596.19,164.96,0.52872
3232,4388.4,172.99,0.55446
3236,4624.11,164.37,0.52683
3240,4499.26,169.14,0.54212
3244,4473.15,170.34,0.54596
3248,4484.63,170.11,0.54522
3252,4610.06,165.69,0.53106
3256,4453.75,171.71,0.55035
3260,4576.87,167.3,0.53622
3264,4425.13,173.25,0.55529
3268,4547.0,168.81,0.54106
3272,4544.26,169.12,0.54205
3276,4654.41,165.32,0.52987
3280,4540.25,169.68,0.54385
3284,4629.37,166.62,0.53404
3288,4587.17,168.36,0.53962
3292,4421.85,174.87,0.56048
3296,4789.57,161.64,0.51808
3300,4515.7,171.65,0.55016
3304,4777.13,162.45,0.52067
3308,4497.49,172.76,0.55372
3312,4774.17,162.94,0.52224
3316,4465.24,174.43,0.55907
3320,4687.75,166.35,0.53317
3324,4458.36,175.12,0.56128
3328,4703.86,166.18,0.53263
3332,4534.76,172.58,0.55314
3336,4787.94,163.65,0.52452
3340,4529.26,173.21,0.55516
3344,4771.9,164.6,0.52756
3348,4626.05,169.99,0.54484
3352,4693.84,167.73,0.5376
3356,4739.63,166.31,0.53304
3360,4674.66,168.83,0.54112
3364,4832.37,163.51,0.52407
3368,4740.3,166.88,0.53487
3372,4909.16,161.33,0.51708
3376,4536.5,174.8,0.56026
3380,4796.05,165.53,0.53054
3384,4639.42,171.32,0.5491
3388,4785.27,166.3,0.53301
3392,4663.22,170.85,0.5476
3396,4641.42,171.86,0.55083
3400,4993.03,159.94,0.51263
3404,4621.07,173.02,0.55455
3408,4857.99,164.77,0.52811
3412,4784.09,167.52,0.53692
3416,4871.56,164.7,0.52788
3420,4969.41,161.65,0.51811
3424,4707.79,170.83,0.54753
3428,4995.77,161.17,0.51657
3432,4716.16,170.93,0.54785
3436,4801.5,168.08,0.53872
3440,4790.63,168.66,0.54058
3444,4892.94,165.33,0.5299
3448,5041.13,160.65,0.5149
3452,4733.77,171.28,0.54897
3456,4988.59,162.72,0.52154
3460,4789.83,169.67,0.54381
3464,4872.09,167.0,0.53526
3468,5054.65,161.15,0.51651
3472,4750.71,171.66,0.55019
3476,5038.32,162.05,0.51939
3480,4716.25,173.31,0.55548
3484,4960.21,164.98,0.52878
3488,4847.46,169.01,0.5417
3492,4731.9,173.34,0.55558
3496,5071.41,161.92,0.51897
3500,4755.21,172.88,0.5541
3504,5040.82,163.27,0.5233
3508,4789.23,172.04,0.55141
3512,4943.0,166.88,0.53487
3516,4864.97,169.75,0.54407
3520,4783.36,172.85,0.55401
3524,5214.76,158.73,0.50875
3528,4896.4,169.24,0.54244
3532,5117.19,162.12,0.51962
3536,4912.94,169.05,0.54183
3540,5003.1,166.19,0.53266
3544,5132.06,162.2,0.51987
3548,4827.05,172.64,0.55333
3552,5117.9,163.02,0.5225
3556,4962.28,168.32,0.53949
3560,4905.75,170.45,0.54631
3564,5161.2,162.19,0.51984
3568,4920.12,170.33,0.54593
3572,4824.98,173.89,0.55734
3576,5134.23,163.6,0.52436
3580,5034.99,167.01,0.53529
3584,4896.53,171.92,0.55103
3588,4984.18,169.09,0.54196
3592,5172.75,163.1,0.52276
3596,4828.46,174.93,0.56067
3600,4816.14,175.57,0.56272
3604,4662.0,181.58,0.58199
3608,4626.62,183.17,0.58708
3612,4761.66,178.17,0.57106
3616,4660.72,182.23,0.58407
3620,4651.93,182.78,0.58583
3624,4641.28,183.4,0.58782
3628,4684.91,181.89,0.58298
3632,4632.18,184.17,0.59029
3636,4651.01,183.62,0.58853
3640,4686.84,182.42,0.58468
3644,4700.09,182.1,0.58365
3648,4614.5,185.69,0.59516
3652,4762.99,180.09,0.57721
3656,4788.72,179.32,0.57474
3660,5238.7,164.1,0.52596
3664,5023.2,171.33,0.54913
3668,5108.74,168.64,0.54051
3672,5358.28,160.96,0.5159
3676,5035.33,171.47,0.54958
3680,5185.58,166.69,0.53426
3684,5364.52,161.3,0.51699
3688,5033.43,172.1,0.5516
3692,5153.85,168.26,0.53929
3696,5352.99,162.17,0.51978
3700,5011.89,173.4,0.55577
3704,5238.76,166.07,0.53228
3708,5309.03,164.05,0.5258
3712,4949.82,176.14,0.56455
3716,5175.98,168.63,0.54048
3720,5486.27,159.26,0.51045
3724,5247.53,166.69,0.53426
3728,5225.34,167.58,0.53712
3732,5492.0,159.61,0.51157
3736,5271.67,166.46,0.53353
3740,5054.57,173.79,0.55702
3744,5379.41,163.47,0.52394
3748,5503.18,159.97,0.51272
3752,5169.44,170.48,0.54641
3756,5391.54,163.63,0.52446
3760,5503.55,160.47,0.51433
3764,5183.35,170.56,0.54667
3768,5262.32,168.18,0.53904
3772,5512.66,160.72,0.51513
3776,5352.01,165.72,0.53115
3780,5460.57,162.59,0.52112
3784,5616.4,158.25,0.50721
3788,5439.47,163.57,0.52426
3792,5407.15,164.72,0.52795
3796,5541.08,160.91,0.51574
3800,5634.54,158.41,0.50772
3804,5408.29,165.21,0.52952
3808,5460.04,163.81,0.52503
3812,5637.58,158.82,0.50904
3816,5502.83,162.88,0.52205
3820,5315.56,168.8,0.54103
3824,5553.36,161.74,0.5184
3828,5701.27,157.71,0.50548
3832,5419.01,166.09,0.53234
3836,5478.85,164.45,0.52708
3840,5597.32,161.14,0.51647
3844,5488.26,164.51,0.52728
3848,5341.18,169.22,0.54237
3852,5554.66,162.88,0.52205
3856,5583.74,162.2,0.51987
3860,5249.41,172.71,0.55356
3864,5416.58,167.56,0.53705
3868,5642.85,161.0,0.51603
3872,5274.63,172.42,0.55263
3876,5482.53,166.05,0.53221
3880,5616.45,162.26,0.52006
3884,5534.26,164.84,0.52833
3888,5303.57,172.19,0.55189
3892,5505.43,166.05,0.53221
3896,5644.61,162.12,0.51962
3900,5332.26,171.79,0.55061
3904,5462.15,167.88,0.53808
3908,5800.86,158.24,0.50718
3912,5724.09,160.52,0.51449
3916,5511.9,166.87,0.53484
3920,5717.26,161.04,0.51615
3924,5804.98,158.77,0.50888
3928,5683.93,162.32,0.52026
3932,5567.79,165.87,0.53163
3936,5617.66,164.57,0.52747
3940,5851.93,158.14,0.50686
3944,5979.15,154.93,0.49657
3948,5714.92,162.26,0.52006
3952,5658.12,164.06,0.52583
3956,5860.35,158.56,0.50821
3960,5881.27,158.15,0.50689
3964,5738.33,162.25,0.52003
3968,5568.8,167.36,0.53641
3972,5852.9,159.4,0.5109
3976,6019.76,155.14,0.49724
3980,6029.38,155.05,0.49696
3984,5829.56,160.52,0.51449
3988,5659.61,165.51,0.53048
3992,5620.27,166.83,0.53471
3996,5891.32,159.32,0.51064
4000,6013.34,156.24,0.50077
4004,5789.02,162.46,0.52071
4008,5597.8,168.17,0.53901
4012,5817.67,161.98,0.51917
4016,5901.69,159.83,0.51228
4020,5893.06,160.23,0.51356
4024,5471.56,172.74,0.55365
4028,5540.55,170.76,0.54731
4032,5885.54,160.91,0.51574
4036,6022.51,157.41,0.50452
4040,5910.17,160.56,0.51462
4044,5724.49,165.93,0.53183
4048,5602.1,169.72,0.54397
4052,5901.54,161.27,0.51689
4056,6059.13,157.23,0.50394
4060,6105.78,156.18,0.50058
4064,5863.95,162.78,0.52173
4068,5742.5,166.39,0.5333
4072,5851.03,163.46,0.52391
4076,5940.66,161.16,0.51654
4080,6047.08,158.48,0.50795
4084,6109.74,157.0,0.50321
4088,5885.83,163.14,0.52288
4092,5760.88,166.84,0.53474
4096,5886.05,163.45,0.52388
4100,5988.46,160.81,0.51542
4104,5999.7,160.67,0.51497
4108,5821.2,165.75,0.53125
4112,5694.43,169.61,0.54362
4116,5801.08,166.65,0.53413
4120,5939.83,162.92,0.52218
4124,5993.01,161.63,0.51804
4128,5866.06,165.29,0.52978
4132,5708.15,170.03,0.54497
4136,5653.11,171.85,0.5508
4140,5268.19,184.58,0.5916
4144,5267.08,184.8,0.59231
4148,5633.38,172.95,0.55433
4152,5571.9,175.03,0.56099
4156,5862.72,166.5,0.53365
4160,5897.88,165.67,0.53099
4164,6019.3,162.48,0.52077
4168,6062.07,161.49,0.5176
4172,5909.47,165.82,0.53147
4176,5763.06,170.2,0.54551
4180,5890.95,166.66,0.53417
4184,6012.61,163.45,0.52388
4188,5961.56,165.0,0.52885
4192,6065.5,162.33,0.52029
4196,6111.04,161.28,0.51692
4200,6001.34,164.38,0.52686
4204,5875.64,168.06,0.53865
4208,5774.79,171.15,0.54856
4212,5750.11,172.05,0.55144
4216,5887.72,168.19,0.53907
4220,5919.01,167.46,0.53673
4224,6015.17,164.94,0.52865
4228,6150.9,161.45,0.51747
4232,6155.3,161.49,0.5176
4236,6089.67,163.38,0.52365
4240,6067.24,164.14,0.52609
4244,5946.35,167.64,0.53731
4248,5784.77,172.48,0.55282
4252,5925.24,168.55,0.54022
4256,5989.92,166.89,0.5349
4260,6005.35,166.62,0.53404
4264,6117.33,163.72,0.52474
4268,6236.95,160.73,0.51516
4272,6263.44,160.2,0.51346
4276,6124.67,163.98,0.52558
4280,5894.92,170.54,0.5466
4284,5815.33,173.03,0.55458
4288,5774.8,174.41,0.55901
4292,6056.08,166.46,0.53353
4296,6219.54,162.24,0.52
4300,6271.64,161.04,0.51615
4304,6274.85,161.11,0.51638
4308,6287.8,160.93,0.5158
4312,6113.19,165.68,0.53103
4316,6134.75,165.25,0.52965
4320,6041.28,167.96,0.53833
4324,5986.57,169.65,0.54375
4328,6150.12,165.29,0.52978
4332,6149.56,165.46,0.53032
4336,6098.44,167.0,0.53526
4340,6212.71,164.08,0.5259
4344,6301.8,161.91,0.51894
4348,6349.78,160.83,0.51548
4352,6308.16,162.04,0.51936
4356,6369.0,160.64,0.51487
4360,6329.25,161.8,0.51859
4364,6247.05,164.08,0.5259
4368,6368.58,161.1,0.51635
4372,6420.87,159.93,0.5126
4376,6396.83,160.68,0.515
4380,6437.13,159.82,0.51224
4384,6186.47,166.45,0.53349
4388,6304.78,163.47,0.52394
4392,6379.59,161.7,0.51827
4396,6368.76,162.13,0.51965
4400,6405.3,161.35,0.51715
4404,6122.53,168.95,0.54151
4408,6050.75,171.11,0.54843
4412,6070.84,170.7,0.54712
4416,6097.34,170.11,0.54522
4420,6154.51,168.69,0.54067
4424,6299.59,164.95,0.52869
4428,6293.05,165.27,0.52971
4432,6245.32,166.68,0.53423
4436,6178.46,168.64,0.54051
4440,6256.66,166.68,0.53423
4444,6352.36,164.32,0.52667
4448,6346.89,164.61,0.5276
4452,6411.04,163.11,0.52279
4456,6354.53,164.71,0.52792
4460,6294.53,166.43,0.53343
4464,6409.17,163.6,0.52436
4468,6417.42,163.53,0.52413
4472,6430.13,163.35,0.52356
4476,6482.32,162.18,0.51981
4480,6454.34,163.03,0.52253
4484,6547.34,160.86,0.51558
4488,6480.83,162.66,0.52135
4492,6456.95,163.4,0.52372
4496,6543.35,161.39,0.51728
4500,6547.87,161.42,0.51737
4504,6602.57,160.23,0.51356
4508,6551.11,161.63,0.51804
4512,6489.28,163.31,0.52343
4516,6560.46,161.68,0.51821
4520,6561.46,161.8,0.51859
4524,6568.33,161.78,0.51853
4528,6556.69,162.21,0.5199
4532,6499.5,163.78,0.52494
4536,6403.81,166.37,0.53324
4540,6435.89,165.69,0.53106
4544,6556.68,162.78,0.52173
4548,6637.95,160.93,0.5158
4552,6631.07,161.24,0.51679
4556,6579.09,162.65,0.52131
4560,6515.36,164.39,0.52689
4564,6422.47,166.91,0.53497
4568,6478.07,165.63,0.53087
4572,6537.93,164.25,0.52644
4576,6542.17,164.29,0.52657
4580,6552.2,164.18,0.52622
4584,6606.41,162.98,0.52237
4588,6485.64,166.16,0.53256
4592,6468.11,166.75,0.53446
4596,6565.57,164.42,0.52699
4600,6566.87,164.53,0.52734
4604,6589.6,164.11,0.52599
4608,6472.89,167.21,0.53593
4612,6476.57,167.26,0.53609
4616,6540.02,165.78,0.53135
4620,6540.49,165.91,0.53176
4624,6604.94,164.44,0.52705
4628,6600.59,164.69,0.52785
4632,6468.99,168.18,0.53904
4636,6369.83,170.95,0.54792
4640,6337.18,171.98,0.55122
4644,6381.05,170.94,0.54788
4648,6487.89,168.27,0.53933
4652,6494.35,168.25,0.53926
4656,6476.13,168.87,0.54125
4660,6457.89,169.49,0.54324
4664,6659.21,164.51,0.52728
4668,6642.51,165.06,0.52904
4672,6548.26,167.58,0.53712
4676,6498.05,169.02,0.54173
4680,6495.14,169.24,0.54244
4684,6565.18,167.58,0.53712
4688,6543.07,168.29,0.53939
4692,6622.32,166.42,0.5334
4696,6666.86,165.45,0.53029
4700,6617.94,166.81,0.53465
4704,6681.45,165.37,0.53003
4708,6735.93,164.17,0.52619
4712,6519.48,169.76,0.5441
4716,6027.59,183.77,0.58901
4720,6395.48,173.35,0.55561
4724,6114.2,181.48,0.58167
4728,6044.15,183.73,0.58888
4732,6192.75,179.48,0.57526
4736,6051.22,183.83,0.5892
4740,6145.05,181.18,0.58071
4744,6219.19,179.17,0.57426
4748,6179.72,180.46,0.5784
4752,6234.22,179.04,0.57385
4756,6531.44,171.03,0.54817
4760,6758.71,165.42,0.53019
4764,6919.13,161.72,0.51833
4768,6942.86,161.3,0.51699
4772,6869.77,163.16,0.52295
4776,6492.94,172.77,0.55375
4780,6673.75,168.23,0.5392
4784,6974.86,161.1,0.51635
4788,6579.36,170.93,0.54785
4792,6664.17,168.9,0.54135
4796,6814.26,165.31,0.52984
4800,6844.27,164.73,0.52798
4804,7190.44,156.93,0.50298
4808,7037.77,160.46,0.51429
4812,6988.19,161.74,0.5184
4816,6917.19,163.53,0.52413
4820,6877.71,164.61,0.5276
4824,6878.63,164.72,0.52795
4828,6895.58,164.45,0.52708
4832,6950.46,163.29,0.52337
4836,7018.25,161.85,0.51875
4840,6816.29,166.78,0.53455
4844,6823.65,166.74,0.53442
4848,6930.32,164.31,0.52663
4852,7010.79,162.56,0.52103
4856,7062.69,161.49,0.5176
4860,7135.26,159.98,0.51276
4864,6152.42,185.69,0.59516
4868,6996.2,163.43,0.52381
4872,7089.72,161.41,0.51734
4876,6959.49,164.56,0.52744
4880,6913.15,165.8,0.53141
4884,6800.64,168.68,0.54064
4888,6769.03,169.61,0.54362
4892,6829.47,168.25,0.53926
4896,6832.26,168.32,0.53949
4900,6842.42,168.2,0.5391
4904,6926.4,166.3,0.53301
4908,6955.55,165.74,0.53122
4912,6716.98,171.76,0.55051
4916,6780.42,170.3,0.54583
4920,6837.26,169.02,0.54173
4924,6868.33,168.39,0.53971
4928,6870.1,168.48,0.54
4932,7084.24,163.52,0.5241
4936,7276.25,159.34,0.51071
4940,7121.23,162.94,0.52224
4944,7050.28,164.71,0.52792
4948,7012.23,165.74,0.53122
4952,7114.88,163.48,0.52397
4956,7204.05,161.59,0.51792
4960,7375.66,157.95,0.50625
4964,7256.17,160.68,0.515
4968,7060.67,165.27,0.52971
4972,7023.15,166.28,0.53295
4976,7106.64,164.46,0.52712
4980,7174.15,163.04,0.52256
4984,7309.13,160.16,0.51333
4988,7262.64,161.32,0.51705
4992,7178.39,163.34,0.52353
4996,7232.19,162.26,0.52006
5000,7281.44,161.29,0.51696
5004,7317.4,160.62,0.51481
5008,7548.88,155.82,0.49942
5012,7466.16,157.67,0.50535
5016,7096.09,166.03,0.53215
5020,7241.88,162.82,0.52186
5024,7371.86,160.07,0.51304
5028,7554.16,156.34,0.50109
5032,7368.66,160.4,0.5141
5036,7140.14,165.66,0.53096
5040,7278.84,162.64,0.52128
5044,7570.77,156.49,0.50157
5048,7489.66,158.31,0.5074
5052,7186.31,165.12,0.52923
5056,7210.13,164.71,0.52792
5060,7398.62,160.64,0.51487
5064,7570.11,157.12,0.50359
5068,7420.93,160.41,0.51413
5072,7294.9,163.31,0.52343
5076,7312.12,163.05,0.5226
5080,7448.63,160.19,0.51343
5084,7576.08,157.62,0.50519
5088,7265.8,164.48,0.52718
5092,7308.34,163.65,0.52452
5096,7408.45,161.57,0.51785
5100,7549.44,158.67,0.50856
5104,7483.92,160.19,0.51343
5108,7215.63,166.27,0.53292
5112,7264.31,165.29,0.52978
5116,7692.09,156.22,0.50071
5120,7425.1,161.96,0.5191
5124,7365.94,163.39,0.52369
5128,6672.72,180.51,0.57856
5132,6687.97,180.24,0.57769
5136,7171.06,168.22,0.53917
5140,7089.77,170.29,0.5458
5144,7235.25,166.99,0.53522
5148,7452.59,162.25,0.52003
5152,7404.68,163.42,0.52378
5156,7335.84,165.09,0.52913
5160,7142.82,169.68,0.54385
5164,7125.44,170.22,0.54558
5168,7520.89,161.4,0.51731
5172,7476.18,162.49,0.5208
5176,7301.52,166.51,0.53369
5180,7303.27,166.59,0.53394
5184,7421.28,164.07,0.52587
5188,7586.32,160.63,0.51484
5192,7424.36,164.26,0.52647
5196,7126.87,171.25,0.54888
5200,7532.36,162.15,0.51971
5204,7508.35,162.79,0.52176
5208,7298.64,167.6,0.53718
5212,7458.52,164.13,0.52606
5216,7574.41,161.75,0.51843
5220,7284.68,168.31,0.53946
5224,7341.67,167.13,0.53567
5228,7626.54,161.01,0.51606
5232,7521.25,163.39,0.52369
5236,7284.91,168.82,0.54109
5240,7411.11,166.07,0.53228
5244,7604.21,161.98,0.51917
5248,7457.33,165.29,0.52978
5252,7420.73,166.24,0.53282
5256,7591.63,162.62,0.52122
5260,7679.22,160.89,0.51567
5264,7493.36,165.0,0.52885
5268,7510.44,164.75,0.52804
5272,7839.39,157.96,0.50628
5276,7631.12,162.39,0.52048
5280,7349.93,168.73,0.5408
5284,7738.75,160.38,0.51404
5288,7557.86,164.34,0.52673
5292,7410.27,167.74,0.53763
5296,7648.39,162.64,0.52128
5300,7635.4,163.04,0.52256
5304,7369.05,169.06,0.54186
5308,7581.57,164.44,0.52705
5312,7728.48,161.44,0.51744
5316,7593.41,164.44,0.52705
5320,7468.75,167.31,0.53625
5324,7656.48,163.33,0.52349
5328,7645.53,163.68,0.52462
5332,7513.08,166.69,0.53426
5336,7658.26,163.66,0.52455
5340,7550.45,166.12,0.53244
5344,7435.44,168.81,0.54106
5348,7671.28,163.75,0.52484
5352,7664.11,164.02,0.52571
5356,7485.93,168.05,0.53862
5360,7617.66,165.27,0.52971
5364,7722.89,163.14,0.52288
5368,7539.11,167.24,0.53603
5372,7712.49,163.6,0.52436
5376,7780.98,162.28,0.52013
5380,7667.83,164.8,0.52821
5384,7729.36,163.61,0.52439
5388,7909.45,160.0,0.51282
5392,7503.49,168.79,0.54099
5396,7660.31,165.45,0.53029
5400,7878.94,160.98,0.51596
5404,7634.89,166.25,0.53285
5408,7571.77,167.76,0.53769
5412,7849.57,161.94,0.51904
5416,7557.0,168.34,0.53955
5420,7839.32,162.39,0.52048
5424,7824.45,162.82,0.52186
5428,7679.42,166.02,0.53212
5432,7851.99,162.49,0.5208
5436,7739.86,164.97,0.52875
5440,7521.74,169.87,0.54446
5444,7984.8,160.14,0.51327
5448,7911.72,161.74,0.5184
5452,7700.11,166.31,0.53304
5456,8026.49,159.66,0.51173
5460,7711.91,166.29,0.53298
5464,7756.16,165.47,0.53035
5468,8027.6,159.99,0.51279
5472,7806.57,164.64,0.52769
5476,7756.5,165.82,0.53147
5480,7984.44,161.21,0.5167
5484,7629.39,168.83,0.54112
5488,8054.83,160.03,0.51292
5492,7885.66,163.58,0.52429
5496,7758.75,166.38,0.53327
5500,8051.53,160.45,0.51426
5504,7591.38,170.3,0.54583
5508,7836.25,165.09,0.52913
5512,7969.21,162.46,0.52071
5516,7744.36,167.3,0.53622
5520,7712.67,168.11,0.53881
5524,7688.77,168.75,0.54087
5528,8121.99,159.87,0.5124
5532,7381.32,176.03,0.5642
5536,7767.58,167.4,0.53654
5540,8064.1,161.36,0.51718
5544,7922.63,164.36,0.52679
5548,7798.04,167.11,0.53561
5552,8012.71,162.75,0.52163
5556,7767.07,168.02,0.53853
5560,8058.33,162.06,0.51942
5564,8106.91,161.21,0.5167
5568,7869.8,166.18,0.53263
5572,8232.7,158.97,0.50952
5576,7808.22,167.73,0.5376
5580,8076.57,162.28,0.52013
5584,7995.11,164.05,0.5258
5588,7407.42,177.19,0.56792
5592,7523.31,174.58,0.55955
5596,7460.86,176.17,0.56465
5600,7444.95,176.67,0.56625
5604,7880.73,167.02,0.53532
5608,7323.18,179.87,0.57651
5612,7281.26,181.03,0.58022
5616,7254.75,181.82,0.58276
5620,7986.28,165.29,0.52978
5624,7193.97,183.62,0.58853
5628,7393.48,178.79,0.57304
5632,7827.19,169.01,0.5417
5636,8312.98,159.24,0.51038
5640,7899.69,167.69,0.53747
5644,8067.2,164.33,0.5267
5648,8107.06,163.64,0.52449
5652,8282.34,160.29,0.51375
5656,8141.05,163.18,0.52301
5660,7848.03,169.4,0.54295
5664,8210.93,162.02,0.51929
5668,8020.91,165.98,0.53199
5672,8105.84,164.36,0.52679
5676,8140.24,163.78,0.52494
5680,7927.56,168.29,0.53939
5684,8322.48,160.42,0.51417
5688,7929.21,168.49,0.54003
5692,8285.49,161.36,0.51718
5696,8052.25,166.15,0.53253
5700,8214.71,162.98,0.52237
5704,8175.23,163.88,0.52526
5708,8007.64,167.43,0.53663
5712,8251.47,162.59,0.52112
5716,8038.88,167.01,0.53529
5720,8306.49,161.74,0.5184
5724,8130.57,165.36,0.53
5728,8404.99,160.07,0.51304
5732,8113.98,165.93,0.53183
5736,8257.3,163.16,0.52295
5740,8212.44,164.17,0.52619
5744,8129.93,165.95,0.53189
5748,8229.42,164.06,0.52583
5752,8066.94,167.48,0.53679
5756,8203.51,164.8,0.52821
5760,8046.76,168.13,0.53888
5764,8436.41,160.48,0.51436
5768,8193.51,165.35,0.52997
5772,8432.88,160.77,0.51529
5776,8195.46,165.54,0.53058
5780,8393.1,161.75,0.51843
5784,8236.5,164.94,0.52865
5788,8434.97,161.17,0.51657
5792,8042.05,169.16,0.54218
5796,8424.5,161.6,0.51795
5800,8286.85,164.39,0.52689
5804,8375.03,162.78,0.52173
5808,8408.61,162.24,0.52
5812,8439.54,161.75,0.51843
5816,8341.16,163.77,0.5249
5820,8398.63,162.77,0.5217
5824,8233.97,166.13,0.53247
5828,8550.17,160.1,0.51314
5832,8418.52,162.72,0.52154
5836,8474.06,161.76,0.51846
5840,8409.65,163.11,0.52279
5844,8082.1,169.84,0.54436
5848,8440.99,162.73,0.52157
5852,8390.29,163.82,0.52506
5856,8475.1,162.29,0.52016
5860,8397.39,163.91,0.52535
5864,8482.97,162.37,0.52042
5868,8395.5,164.17,0.52619
5872,8304.48,166.08,0.53231
5876,8466.37,163.02,0.5225
5880,8391.19,164.59,0.52753
5884,8569.35,161.28,0.51692
5888,8321.48,166.19,0.53266
5892,8562.8,161.62,0.51801
5896,8340.24,166.05,0.53221
5900,8630.94,160.56,0.51462
5904,8407.99,164.93,0.52862
5908,8578.01,161.77,0.51849
5912,8249.55,168.33,0.53952
5916,8510.46,163.28,0.52333
5920,8349.68,166.53,0.53375
5924,8614.83,161.52,0.51769
5928,8294.11,167.88,0.53808
5932,8679.9,160.52,0.51449
5936,8175.62,170.54,0.5466
5940,8228.37,169.56,0.54346
5944,8686.04,160.73,0.51516
5948,8328.12,167.75,0.53766
5952,8606.03,162.45,0.52067
5956,8591.86,162.82,0.52186
5960,8799.58,159.09,0.5099
5964,8585.99,163.15,0.52292
5968,8768.36,159.87,0.5124
5972,7908.99,177.36,0.56846
5976,8510.18,164.94,0.52865
5980,8482.15,165.59,0.53074
5984,8811.02,159.52,0.51128
5988,8516.0,165.16,0.52936
5992,8745.52,160.93,0.5158
5996,8505.42,165.58,0.53071
6000,8669.24,162.56,0.52103
6004,8735.13,161.44,0.51744
6008,8207.01,171.95,0.55112
6012,8137.26,173.54,0.55622
6016,8577.7,164.73,0.52798
6020,9043.91,156.35,0.50112
6024,8600.47,164.52,0.52731
6028,8850.97,159.97,0.51272
6032,8856.02,159.98,0.51276
6036,8770.03,161.66,0.51814
6040,8990.08,157.81,0.5058
6044,8648.45,164.15,0.52612
6048,8822.66,161.01,0.51606
6052,8900.06,159.72,0.51192
6056,8631.65,164.79,0.52817
6060,8937.89,159.25,0.51042
6064,8688.81,163.93,0.52542
6068,8844.8,161.14,0.51647
6072,8903.7,160.18,0.5134
6076,8544.87,167.02,0.53532
6080,8919.99,160.1,0.51314
6084,8877.98,160.96,0.5159
6088,8939.16,159.97,0.51272
6092,8966.36,159.58,0.51147
6096,8710.0,164.39,0.52689
6100,8917.73,160.67,0.51497
6104,8950.82,160.18,0.5134
6108,8881.26,161.54,0.51776
6112,8884.6,161.58,0.51788
6116,9108.95,157.71,0.50548
6120,8901.0,161.5,0.51763
6124,8775.63,163.91,0.52535
6128,8835.34,162.91,0.52215
6132,9028.45,159.53,0.51131
6136,8785.61,164.04,0.52577
6140,8896.86,162.1,0.51955
6144,8886.36,162.4,0.52051
6148,8750.64,165.02,0.52891
6152,8885.2,162.63,0.52125
6156,8938.14,161.77,0.51849
6160,8742.43,165.5,0.53045
6164,8955.19,161.67,0.51817
6168,8783.2,164.95,0.52869
6172,8906.96,162.76,0.52167
6176,9033.56,160.58,0.51468
6180,8658.62,167.64,0.53731
6184,8885.76,163.46,0.52391
6188,8909.01,163.14,0.52288
6192,8707.13,167.03,0.53535
6196,8947.94,162.64,0.52128
6200,9022.07,161.41,0.51734
6204,8696.98,167.55,0.53702
6208,9073.29,160.71,0.5151
6212,8909.44,163.77,0.5249
6216,8667.75,168.44,0.53987
6220,9010.61,162.14,0.51968
6224,8947.97,163.38,0.52365
6228,8886.28,164.62,0.52763
6232,9101.2,160.83,0.51548
6236,9060.48,161.66,0.51814
6240,8759.53,167.32,0.53628
6244,8932.96,164.18,0.52622
6248,8932.64,164.29,0.52657
6252,8702.0,168.75,0.54087
6256,8991.8,163.42,0.52378
6260,9186.14,160.06,0.51301
6264,8858.03,166.1,0.53237
6268,8884.24,165.71,0.53112
6272,9024.32,163.24,0.52321
6276,8970.75,164.32,0.52667
6280,9026.64,163.41,0.52375
6284,9286.21,158.94,0.50942
6288,8912.23,165.72,0.53115
6292,8898.74,166.08,0.53231
6296,9044.81,163.5,0.52404
6300,9250.04,159.97,0.51272
6304,8838.17,167.53,0.53696
6308,8896.83,166.53,0.53375
6312,9182.45,161.46,0.5175
6316,8938.49,165.97,0.53196
6320,8905.7,166.69,0.53426
6324,9190.61,161.62,0.51801
6328,9269.74,160.34,0.51391
6332,8967.03,165.86,0.5316
6336,8869.18,167.8,0.53782
6340,9242.21,161.12,0.51641
6344,9357.19,159.24,0.51038
6348,9054.16,164.68,0.52782
6352,8957.65,166.56,0.53385
6356,9126.51,163.58,0.52429
6360,9310.86,160.44,0.51423
6364,9246.82,161.65,0.51811
6368,9021.71,165.79,0.53138
6372,8937.76,167.45,0.5367
6376,8325.65,179.88,0.57654
6380,8609.32,174.06,0.55788
6384,9353.21,160.32,0.51385
6388,8549.09,175.51,0.56253
6392,8419.91,178.31,0.57151
6396,8351.45,179.88,0.57654
6400,8335.55,180.34,0.57801
6404,9091.48,165.45,0.53029
6408,8467.73,177.75,0.56971
6412,8455.39,178.12,0.5709
6416,8962.66,168.14,0.53891
6420,8963.31,168.23,0.5392
6424,9319.01,161.91,0.51894
6428,9324.37,161.92,0.51897
6432,9041.6,167.09,0.53554
6436,9202.17,164.28,0.52654
6440,9297.95,162.68,0.52141
6444,9297.37,162.8,0.52179
6448,9088.4,166.64,0.5341
6452,9316.97,162.66,0.52135
6456,9404.53,161.24,0.51679
6460,9221.76,164.54,0.52737
6464,9183.87,165.32,0.52987
6468,9433.2,161.05,0.51619
6472,9481.65,160.33,0.51388
6476,9494.89,160.2,0.51346
6480,9241.17,164.7,0.52788
6484,8601.45,177.06,0.5675
6488,9399.35,162.13,0.51965
6492,9181.58,166.08,0.53231
6496,9160.92,166.55,0.53381
6500,9417.55,162.12,0.51962
6504,9424.82,162.09,0.51952
6508,9437.15,161.98,0.51917
6512,9349.93,163.59,0.52433
6516,9393.63,162.93,0.52221
6520,9457.51,161.93,0.51901
6524,9532.42,160.75,0.51522
6528,9470.67,161.9,0.51891
6532,9249.03,165.88,0.53167
6536,9439.45,162.63,0.52125
6540,9533.06,161.14,0.51647
6544,9505.77,161.7,0.51827
6548,9530.46,161.38,0.51724
6552,9418.72,163.39,0.52369
6556,9400.11,163.82,0.52506
6560,9514.22,161.95,0.51907
6564,9517.54,161.99,0.5192
6568,9487.8,162.6,0.52115
6572,9306.6,165.86,0.5316
6576,9436.7,163.68,0.52462
6580,9463.87,163.31,0.52343
6584,9633.31,160.53,0.51452
6588,9551.25,162.01,0.51926
6592,9548.78,162.15,0.51971
6596,9534.38,162.49,0.5208
6600,9619.83,161.15,0.51651
6604,9677.77,160.28,0.51372
6608,9766.42,158.92,0.50936
6612,9689.77,160.28,0.51372
6616,9428.72,164.81,0.52824
6620,9385.64,165.67,0.53099
6624,9552.39,162.88,0.52205
6628,9634.13,161.59,0.51792
6632,9751.63,159.74,0.51199
6636,9597.24,162.41,0.52054
6640,9442.73,165.17,0.52939
6644,9394.34,166.12,0.53244
6648,9515.81,164.09,0.52593
6652,9684.53,161.33,0.51708
6656,9699.76,161.18,0.5166
6660,9472.9,165.14,0.52929
6664,9403.82,166.45,0.53349
6668,9363.28,167.27,0.53612
6672,9538.66,164.29,0.52657
6676,9746.8,160.88,0.51564
6680,9740.69,161.08,0.51628
6684,9703.65,161.79,0.51856
6688,9663.79,162.55,0.52099
6692,9513.79,165.22,0.52955
6696,9500.29,165.55,0.53061
6700,9615.09,163.67,0.52458
6704,8857.21,177.78,0.56981
6708,8831.17,178.41,0.57183
6712,9374.12,168.18,0.53904
6716,9375.59,168.25,0.53926
6720,9511.53,165.95,0.53189
6724,9828.36,160.69,0.51503
6728,9829.36,160.77,0.51529
6732,9804.71,161.27,0.51689
6736,9756.05,162.17,0.51978
6740,9589.13,165.09,0.52913
6744,9566.01,165.59,0.53074
6748,9547.64,166.01,0.53208
6752,9796.75,161.88,0.51885
6756,9890.23,160.45,0.51426
6760,9806.18,161.92,0.51897
6764,9769.49,162.62,0.52122
6768,9598.78,165.61,0.5308
6772,9518.03,167.12,0.53564
6776,9569.82,166.31,0.53304
6780,9807.86,162.37,0.52042
6784,9793.37,162.71,0.52151
6788,10106.96,157.75,0.50561
6792,9975.21,159.93,0.5126
6796,9886.99,161.45,0.51747
6800,9912.08,161.14,0.51647
6804,9700.73,164.74,0.52801
6808,9738.37,164.2,0.52628
6812,9699.9,164.95,0.52869
6816,9706.8,164.93,0.52862
6820,9959.12,160.85,0.51554
6824,9978.18,160.63,0.51484
6828,10037.39,159.78,0.51212
6832,9977.19,160.84,0.51551
6836,9987.08,160.77,0.51529
6840,10068.35,159.57,0.51144
6844,10037.2,160.16,0.51333
6848,9927.56,162.02,0.51929
6852,9907.77,162.44,0.52064
6856,9668.93,166.55,0.53381
6860,9902.06,162.72,0.52154
6864,9763.36,165.13,0.52926
6868,9835.17,164.02,0.52571
6872,9893.4,163.15,0.52292
6876,9869.58,163.64,0.52449
6880,9992.58,161.72,0.51833
6884,10006.33,161.59,0.51792
6888,10055.07,160.9,0.51571
6892,10062.31,160.88,0.51564
6896,10067.34,160.89,0.51567
6900,10222.11,158.55,0.50817
6904,10050.09,161.35,0.51715
6908,10199.03,159.09,0.5099
6912,10080.89,161.05,0.51619
6916,10021.2,162.1,0.51955
6920,9885.53,164.42,0.52699
6924,10020.76,162.29,0.52016
6928,9957.59,163.42,0.52378
6932,9782.43,166.44,0.53346
6936,9721.35,167.58,0.53712
6940,9722.57,167.66,0.53737
6944,9945.89,163.99,0.52561
6948,10105.16,161.5,0.51763
6952,10089.28,161.84,0.51872
6956,10083.65,162.03,0.51933
6960,9937.44,164.51,0.52728
6964,10189.66,160.53,0.51452
6968,10190.42,160.61,0.51478
6972,10099.78,162.14,0.51968
6976,10144.42,161.52,0.51769
6980,10347.47,158.44,0.50782
6984,10392.66,157.84,0.5059
6988,10305.39,159.27,0.51048
6992,10294.35,159.53,0.51131
6996,10262.01,160.13,0.51324
7000,10195.0,161.27,0.51689
7004,10331.81,159.23,0.51035
7008,10331.49,159.32,0.51064
7012,10249.35,160.69,0.51503
7016,10198.5,161.59,0.51792
7020,10192.96,161.77,0.51849
7024,10166.6,162.28,0.52013
7028,10254.19,160.98,0.51596
7032,9958.43,165.86,0.5316
7036,10195.55,162.09,0.51952
7040,10199.43,162.12,0.51962
7044,10235.88,161.64,0.51808
7048,10347.25,159.99,0.51279
7052,10278.43,161.15,0.51651
7056,9765.35,169.71,0.54394
7060,9580.14,173.09,0.55478
7064,10359.81,160.16,0.51333
7068,9607.89,172.79,0.55381
7072,10029.95,165.61,0.5308
7076,9961.66,166.84,0.53474
7080,9433.75,176.28,0.565
7084,9657.8,172.29,0.55221
7088,9589.87,173.6,0.55641
7092,9423.27,176.77,0.56657
7096,9886.94,168.58,0.54032
7100,10285.38,162.14,0.51968
7104,10142.29,164.52,0.52731
7108,10381.01,160.83,0.51548
7112,10378.92,160.95,0.51587
7116,10316.38,162.02,0.51929
7120,10280.99,162.66,0.52135
7124,10267.72,162.97,0.52234
7128,10250.11,163.34,0.52353
7132,10289.43,162.81,0.52183
7136,10163.3,164.92,0.52859
7140,10222.37,164.06,0.52583
7144,10230.81,164.01,0.52567
7148,10169.34,165.1,0.52917
7152,10146.43,165.56,0.53064
7156,10188.0,164.98,0.52878
7160,10309.65,163.12,0.52282
7164,10160.83,165.61,0.5308
7168,10024.53,167.95,0.5383
7172,10217.01,164.88,0.52846
7176,10156.2,165.96,0.53192
7180,10310.89,163.56,0.52423
7184,10228.19,164.97,0.52875
7188,10064.09,167.76,0.53769
7192,9875.68,171.05,0.54824
7196,9876.44,171.13,0.54849
7200,10562.54,160.11,0.51317
7204,10361.86,163.3,0.5234
7208,10218.54,165.68,0.53103
7212,10366.67,163.4,0.52372
7216,10371.8,163.41,0.52375
7220,10286.51,164.86,0.5284
7224,10191.45,166.49,0.53362
7228,10213.14,166.23,0.53279
7232,10209.29,166.38,0.53327
7236,10270.81,165.48,0.53038
7240,10337.84,164.5,0.52724
7244,10286.23,165.41,0.53016
7248,10136.38,167.95,0.5383
7252,10515.18,161.99,0.5192
7256,10149.48,167.92,0.53821
7260,10252.65,166.32,0.53308
7264,10316.61,165.38,0.53006
7268,10368.99,164.64,0.52769
7272,10426.57,163.82,0.52506
7276,10554.84,161.92,0.51897
7280,10596.91,161.36,0.51718
7284,10587.58,161.59,0.51792
7288,10428.2,164.15,0.52612
7292,10502.63,163.08,0.52269
7296,10296.46,166.44,0.53346
7300,10501.99,163.27,0.5233
7304,10340.68,165.91,0.53176
7308,10447.01,164.31,0.52663
7312,10775.94,159.38,0.51083
7316,10664.72,161.13,0.51644
7320,10520.13,163.43,0.52381
7324,10519.02,163.54,0.52417
7328,10329.5,166.63,0.53407
7332,10436.05,165.02,0.52891
7336,10463.93,164.67,0.52779
7340,10437.76,165.17,0.52939
7344,10427.46,165.43,0.53022
7348,10766.88,160.3,0.51378
7352,10685.33,161.61,0.51798
7356,10453.89,165.28,0.52974
7360,10308.13,167.7,0.5375
7364,10459.26,165.37,0.53003
7368,10468.43,165.32,0.52987
7372,10553.33,164.08,0.5259
7376,9745.81,177.77,0.56978
7380,10429.32,166.21,0.53272
7384,10517.74,164.9,0.52853
7388,10754.46,161.36,0.51718
7392,10689.48,162.43,0.52061
7396,10610.88,163.72,0.52474
7400,10507.03,165.42,0.53019
7404,10383.14,167.49,0.53683
7408,10707.68,162.5,0.52083
7412,10681.84,162.98,0.52237
7416,10699.02,162.81,0.52183
7420,10507.96,165.86,0.5316
7424,10416.98,167.4,0.53654
7428,10627.29,164.17,0.52619
7432,10927.1,159.75,0.51202
7436,10644.43,164.08,0.5259
7440,10845.81,161.12,0.51641
7444,10844.41,161.23,0.51676
7448,10695.28,163.57,0.52426
7452,10510.81,166.53,0.53375
7456,10637.06,164.64,0.52769
7460,10765.51,162.76,0.52167
7464,10975.03,159.74,0.51199
7468,10769.25,162.88,0.52205
7472,10646.7,164.84,0.52833
7476,10525.26,166.83,0.53471
7480,10344.51,169.84,0.54436
7484,10686.4,164.49,0.52721
7488,10535.96,166.93,0.53503
7492,10701.11,164.44,0.52705
7496,10764.37,163.56,0.52423
7500,10937.0,161.07,0.51625
7504,10953.55,160.91,0.51574
7508,10883.89,162.03,0.51933
7512,10754.78,164.06,0.52583
7516,10773.69,163.86,0.52519
7520,10974.17,160.95,0.51587
7524,10965.45,161.16,0.51654
7528,10814.63,163.5,0.52404
7532,10789.01,163.97,0.52554
7536,10745.38,164.73,0.52798
7540,11002.46,160.96,0.5159
7544,10970.82,161.51,0.51766
7548,10739.08,165.09,0.52913
7552,10662.96,166.35,0.53317
7556,10881.68,163.1,0.52276
7560,11160.32,159.11,0.50997
7564,10952.47,162.21,0.5199
7568,10787.21,164.79,0.52817
7572,10816.54,164.43,0.52702
7576,10731.97,165.81,0.53144
7580,11072.1,160.8,0.51538
7584,11108.9,160.35,0.51394
7588,11053.57,161.24,0.51679
7592,10779.73,165.42,0.53019
7596,10895.45,163.75,0.52484
7600,11224.92,159.03,0.50971
7604,10976.9,162.71,0.52151
7608,10896.78,163.99,0.52561
7612,10761.96,166.13,0.53247
7616,10997.5,162.66,0.52135
7620,11344.25,157.77,0.50567
7624,11044.92,162.13,0.51965
7628,10987.7,163.06,0.52263
7632,10968.14,163.44,0.52385
7636,11339.45,158.17,0.50696
7640,11153.69,160.89,0.51567
7644,10936.2,164.17,0.52619
7648,11065.11,162.35,0.52035
7652,11168.96,160.92,0.51577
7656,11089.3,162.16,0.51974
7660,10945.63,164.38,0.52686
7664,11127.82,161.77,0.51849
7668,11349.6,158.69,0.50862
7672,10867.38,165.82,0.53147
7676,10924.76,165.03,0.52894
7680,11110.15,162.36,0.52038
7684,11230.17,160.71,0.5151
7688,11136.49,162.15,0.51971
7692,10827.24,166.87,0.53484
7696,11051.13,163.57,0.52426
7700,11342.88,159.45,0.51106
7704,10353.77,174.77,0.56016
7708,10516.35,172.16,0.55179
7712,10516.92,172.24,0.55205
7716,10210.15,177.5,0.56891
7720,10318.32,175.73,0.56324
7724,10323.13,175.74,0.56327
7728,10314.13,175.99,0.56407
7732,10391.28,174.77,0.56016
7736,10763.13,168.82,0.54109
7740,11255.51,161.52,0.51769
7744,11169.45,162.85,0.52196
7748,10973.25,165.84,0.53154
7752,10477.65,173.78,0.55699
7756,11098.86,164.14,0.52609
7760,11295.4,161.36,0.51718
7764,11280.64,161.66,0.51814
7768,10869.03,167.87,0.53804
7772,11052.77,165.16,0.52936
7776,11398.39,160.24,0.51359
7780,11227.39,162.76,0.52167
7784,11085.39,164.93,0.52862
7788,11072.12,165.21,0.52952
7792,11412.09,160.37,0.51401
7796,11202.16,163.46,0.52391
7800,11261.33,162.69,0.52144
7804,11055.48,165.8,0.53141
7808,11356.75,161.49,0.5176
7812,11598.16,158.21,0.50708
7816,11182.06,164.18,0.52622
7820,11483.93,159.94,0.51263
7824,11521.43,159.5,0.51122
7828,11180.14,164.46,0.52712
7832,11489.8,160.11,0.51317
7836,11492.01,160.16,0.51333
7840,11195.9,164.48,0.52718
7844,11247.24,163.81,0.52503
7848,11647.74,158.26,0.50724
7852,11388.51,161.94,0.51904
7856,11238.32,164.19,0.52625
7860,11605.98,159.07,0.50984
7864,11329.93,163.03,0.52253
7868,11352.5,162.79,0.52176
7872,11681.31,158.29,0.50734
7876,11554.58,160.1,0.51314
7880,11381.41,162.62,0.52122
7884,11687.8,158.44,0.50782
7888,11509.68,160.97,0.51593
7892,11438.32,162.06,0.51942
7896,11734.96,158.04,0.50654
7900,11406.4,162.68,0.52141
7904,11461.5,161.98,0.51917
7908,11701.84,158.73,0.50875
7912,11400.96,163.0,0.52244
7916,11559.42,160.85,0.51554
7920,11721.72,158.7,0.50865
7924,11401.41,163.24,0.52321
7928,11713.05,158.98,0.50955
7932,11573.22,160.98,0.51596
7936,11192.72,166.54,0.53378
7940,11328.04,164.63,0.52766
7944,11772.22,158.5,0.50801
7948,11222.16,166.35,0.53317
7952,11274.55,165.66,0.53096
7956,11741.7,159.15,0.5101
7960,11065.85,168.96,0.54154
7964,11330.46,165.09,0.52913
7968,11739.95,159.42,0.51096
7972,11476.59,163.16,0.52295
7976,11281.73,166.06,0.53224
7980,11657.6,160.78,0.51532
7984,10662.23,175.88,0.56372
7988,10862.14,172.73,0.55362
7992,11463.97,163.75,0.52484
7996,11197.9,167.72,0.53756
8000,11641.54,161.41,0.51734
8004,11596.79,162.11,0.51958
8008,11778.04,159.7,0.51186
8012,11747.66,160.19,0.51343
8016,11577.01,162.63,0.52125
8020,11814.98,159.44,0.51103
8024,11633.82,162.0,0.51923
8028,11879.23,158.73,0.50875
8032,11746.9,160.6,0.51474
8036,11591.86,162.83,0.52189
8040,11878.65,158.98,0.50955
8044,11595.27,162.94,0.52224
8048,11792.77,160.3,0.51378
8052,11808.62,160.16,0.51333
8056,11662.94,162.24,0.52
8060,11843.52,159.85,0.51234
8064,11611.5,163.12,0.52282
8068,12127.34,156.26,0.50083
8072,11813.66,160.49,0.51439
8076,11756.78,161.35,0.51715
8080,11987.12,158.32,0.50744
8084,11723.91,161.96,0.5191
8088,12063.28,157.48,0.50474
8092,11853.04,160.35,0.51394
8096,11985.89,158.65,0.50849
8100,11792.13,161.34,0.51712
8104,11993.16,158.71,0.50869
8108,11945.52,159.43,0.51099
8112,11798.47,161.49,0.5176
8116,11889.18,160.34,0.51391
8120,11745.37,162.38,0.52045
8124,12089.96,157.83,0.50587
8128,11686.7,163.36,0.52359
8132,11977.64,159.47,0.51112
8136,11927.32,160.22,0.51353
8140,11819.42,161.76,0.51846
8144,12012.08,159.25,0.51042
8148,11696.77,163.62,0.52442
8152,11948.63,160.25,0.51362
8156,11766.57,162.81,0.52183
8160,12104.72,158.34,0.5075
8164,11834.56,162.03,0.51933
8168,11924.84,160.88,0.51564
8172,11841.16,162.1,0.51955
8176,11923.23,161.06,0.51622
8180,12062.84,159.28,0.51051
8184,11786.87,163.09,0.52272
8188,12028.17,159.89,0.51247
8192,11563.64,166.4,0.53333
